Unnamed: 0,Hospital,Doctor,Specilization,Experience
,"AIIMS Hospital,Mangalgiri,Vaddeswaram",Dr. Rajeev Aravindakshan,Family Medicine Specialist,37+ Years
,"AIIMS Hospital,Mangalgiri,Vaddeswaram",Dr. Meenakshi Yeola,General Surgeon,33+ Years
,"AIIMS Hospital,Mangalgiri,Vaddeswaram",Dr. Uttara Das,Nephrologist,32+ Years
,"AIIMS Hospital,Mangalgiri,Vaddeswaram",Dr. V Suresh,Endocrinologist,31+ Years
,"AIIMS Hospital,Mangalgiri,Vaddeswaram",Dr. Rajashekar Mohan,General Surgeon,30+ Years
,"AIIMS Hospital,Mangalgiri,Vaddeswaram",Dr. Deepti Vepakomma,Paediatric Surgeon,28+ Years
,"AIIMS Hospital,Mangalgiri,Vaddeswaram",Dr. Sripriya R,Anaesthesiologist,26+ Years
,"AIIMS Hospital,Mangalgiri,Vaddeswaram",Dr. Shanthakumar S,Plastic Surgeon,26+ Years
,"AIIMS Hospital,Mangalgiri,Vaddeswaram",Dr. Sumit Rai,Pathologist,25+ Years
,"AIIMS Hospital,Mangalgiri,Vaddeswaram",Dr. Vineet Thomas Abraham,Orthopedic Surgeon,25+ Years
,"AIIMS Hospital,Mangalgiri,Vaddeswaram",Dr. Satish Pundlik Dipankar,Psychiatrist/Psychologist,25+ Years
,"AIIMS Hospital,Mangalgiri,Vaddeswaram",Dr. Garikapati Kavitha,Obstetrician / Gynaecologist,24+ Years
,"AIIMS Hospital,Mangalgiri,Vaddeswaram",Dr. Seepana Ramesh,ENT Specialist,23+ Years
,"AIIMS Hospital,Mangalgiri,Vaddeswaram",Dr. Shashidhara M,Psychiatrist/Psychologist,23+ Years
,"AIIMS Hospital,Mangalgiri,Vaddeswaram",Dr. G Sunil Naik,Psychiatrist/Psychologist,22+ Years
,"AIIMS Hospital,Mangalgiri,Vaddeswaram",Dr. Kanchi V Bhargava Reddy,Urologist,22+ Years
,"AIIMS Hospital,Mangalgiri,Vaddeswaram",Dr. Vijaya Chandra Reddy Avula,Psychiatrist/Psychologist,22+ Years
,"AIIMS Hospital,Mangalgiri,Vaddeswaram",Dr. Arun Babu T,Paediatrician,20+ Years
,"AIIMS Hospital,Mangalgiri,Vaddeswaram",Dr. Jyotsna Naresh Bharti,Pathologist,20+ Years
,"AIIMS Hospital,Mangalgiri,Vaddeswaram",Dr. Cheranjeevi Jayam,Dentist,19+ Years
,"AIIMS Hospital,Mangalgiri,Vaddeswaram",Dr. Muni Srikanth I,Orthopedic Surgeon,19+ Years
,"AIIMS Hospital,Mangalgiri,Vaddeswaram",Dr. Arundhathi S,Pathologist,19+ Years
,"AIIMS Hospital,Mangalgiri,Vaddeswaram",Dr. Satvinder Singh Bakshi,ENT Specialist,19+ Years
,"AIIMS Hospital,Mangalgiri,Vaddeswaram",Dr. Soumyajit Das,ENT Specialist,19+ Years
,"AIIMS Hospital,Mangalgiri,Vaddeswaram",Dr. Ramakrishna Pai J,Pathologist,18+ Years
,"AIIMS Hospital,Mangalgiri,Vaddeswaram",Dr. Prashant Pranesh Joshi,Pathologist,18+ Years
,"AIIMS Hospital,Mangalgiri,Vaddeswaram",Dr. Shikha Yadav,Dentist,18+ Years
,"AIIMS Hospital,Mangalgiri,Vaddeswaram",Dr. Arvind G,Rheumatologist,18+ Years
,"AIIMS Hospital,Mangalgiri,Vaddeswaram",Dr. Rajendra Prasad Mulpuri,Internal Medicine Specialist,18+ Years
,"AIIMS Hospital,Mangalgiri,Vaddeswaram",Dr. A Mohan Kumar,Pathologist,18+ Years
,"AIIMS Hospital,Mangalgiri,Vaddeswaram",Dr. Ghansham Biyani,Anaesthesiologist,18+ Years
,"AIIMS Hospital,Mangalgiri,Vaddeswaram",Dr. Sairem Mangolnganbi Chanu,Obstetrician / Gynaecologist,17+ Years
,"AIIMS Hospital,Mangalgiri,Vaddeswaram",Dr. Kesava Ramgopal Adavikolanu,Radiation Oncologist,17+ Years
,"AIIMS Hospital,Mangalgiri,Vaddeswadem",Dr. Hima Gopinath,Dermatologist,16+ Years
,"AIIMS Hospital,Mangalgiri,Vaddeswafam",Dr. Venkatashivareddy B,Family Medicine Specialist,16+ Years
,"AIIMS Hospital,Mangalgiri,Vaddeswaram",Dr. Prudhvinath Reddy A,Radiologist,16+ Years
,"AIIMS Hospital,Mangalgiri,Vaddeswaorm",Dr. Kalyan Deepak S,Orthopedic Surgeon,16+ Years
,"AIIMS Hospital,Mangalgiri,Vaddeswainm",Dr. Uppara Kadiyala Rakesh,Internal Medicine Specialist,16+ Years
,"AIIMS Hospital,Mangalgiri,Vaddeswadem",Dr. Jitendra Chawla Gulabrai,Dentist,16+ Years
,"AIIMS Hospital,Mangalgiri,Vaddeswapsm",Dr. Afreen Begum Hasansab Itagi,Psychiatrist/Psychologist,16+ Years
,"AIIMS Hospital,Mangalgiri,Vaddeswaanm",Dr. Eeshwar M V,Anaesthesiologist,16+ Years
,"AIIMS Hospital,Mangalgiri,Vaddeswapam",Dr. Janjala Narahari,Paediatric Surgeon,16+ Years
,"AIIMS Hospital,Mangalgiri,Vaddeswapsm",Dr. Jaiganesh S,Psychiatrist/Psychologist,16+ Years
,"AIIMS Hospital,Mangalgiri,Vaddeswafam",Dr. Arti Gupta,Family Medicine Specialist,16+ Years
,"AIIMS Hospital,Mangalgiri,Vaddeswapam",Dr. Debabrata Dash,Pathologist,16+ Years
,"AIIMS Hospital,Mangalgiri,Vaddeswaorm",Dr. K Venkataramana,Orthopedic Surgeon,16+ Years
,"AIIMS Hospital,Mangalgiri,Vaddeswaorm",Dr. Purushotham Lingaiah,Orthopedic Surgeon,16+ Years
,"AIIMS Hospital,Mangalgiri,Vaddeswanem",Dr. Alex Rebello,Neurologist,15+ Years
,"AIIMS Hospital,Mangalgiri,Vaddeswaram",Dr. R Poongodi,Pathologist,15+ Years
,"AIIMS Hospital,Mangalgiri,Vaddeswaram",Dr. Hemant Kumar Singh,Surgical Oncologist,15+ Years
,"AIIMS Hospital,Mangalgiri,Vaddeswaram",Dr. Marthandam Sri Kanth,General Surgeon,15+ Years
,"AIIMS Hospital,Mangalgiri,Vaddeswaram",Dr. Arumulla Mithilesh,Radiologist,15+ Years
,"AIIMS Hospital,Mangalgiri,Vaddeswaram",Dr. Ajay Kumar Kondeti,Radiation Oncologist,15+ Years
,"AIIMS Hospital,Mangalgiri,Vaddeswaram",Dr. Amirtha Ganesh B,Cardiologist,15+ Years
,"AIIMS Hospital,Mangalgiri,Vaddeswaram",Dr. Mallikarjun Gunjiganvi,General Surgeon,15+ Years
,"AIIMS Hospital,Mangalgiri,Vaddeswaram",Dr. Pratyusha Ganne,Ophthalmologist,15+ Years
,"AIIMS Hospital,Mangalgiri,Vaddeswaram",Dr. Pavithra B,General Surgeon,15+ Years
,"AIIMS Hospital,Mangalgiri,Vaddeswaram",Dr. C Likhitha Reddy,Plastic Surgeon,15+ Years
,"AIIMS Hospital,Mangalgiri,Vaddeswaram",Dr. Yugandhar S,Radiologist,14+ Years
,"AIIMS Hospital,Mangalgiri,Vaddeswaram",Dr. Balamurugan R,Ophthalmologist,14+ Years
,"AIIMS Hospital,Mangalgiri,Vaddeswaram",Dr. Priyanka Yoga Purini,Obstetrician / Gynaecologist,14+ Years
,"AIIMS Hospital,Mangalgiri,Vaddeswaram",Dr. Vemula Anjani Priya,Critical Care Specialist,14+ Years
,"AIIMS Hospital,Mangalgiri,Vaddeswaram",Dr. Lavu Jayanth,General Surgeon,14+ Years
,"AIIMS Hospital,Mangalgiri,Vaddeswaram",Dr. Vandana Kamatham,Obstetrician / Gynaecologist,14+ Years
,"AIIMS Hospital,Mangalgiri,Vaddeswaram",Dr. Hari Deep Yellamilli,Critical Care Specialist,14+ Years
,"AIIMS Hospital,Mangalgiri,Vaddeswaram",Dr. Abhishek Raghava K S,Medical Oncologist,14+ Years
,"AIIMS Hospital,Mangalgiri,Vaddeswaram",Dr. Rajasekhar Rekapalli,Neurosurgeon,13+ Years
,"AIIMS Hospital,Mangalgiri,Vaddeswaram",Dr. Soorej Balan Kaliyath,Radiation Oncologist,13+ Years
,"AIIMS Hospital,Mangalgiri,Vaddeswaram",Dr. B Sarath Kumar,Nuclear Medicine Specialist,13+ Years
,"AIIMS Hospital,Mangalgiri,Vaddeswaram",Dr. Jyoti Verma,Pathologist,13+ Years
,"AIIMS Hospital,Mangalgiri,Vaddeswaram",Dr. Nidhima Aggarwal,Pathologist,13+ Years
,"AIIMS Hospital,Mangalgiri,Vaddeswaram",Dr. Navya Krishna Naidu,Family Medicine Specialist,13+ Years
,"AIIMS Hospital,Mangalgiri,Vaddeswaram",Dr. Divya Peddireddy,Internal Medicine Specialist,13+ Years
,"AIIMS Hospital,Mangalgiri,Vaddeswaram",Dr. Borra Rajesh Yadav,Endocrinologist,13+ Years
,"AIIMS Hospital,Mangalgiri,Vaddeswaram",Dr. Thummalagunta Prathyusha,Internal Medicine Specialist,12+ Years
,"AIIMS Hospital,Mangalgiri,Vaddeswaram",Dr. Keerthi G,Cardiothoracic and Vascular Surgeon,12+ Years
,"AIIMS Hospital,Mangalgiri,Vaddeswaram",Dr. Metta Rajasekhar,Anaesthesiologist,12+ Years
,"AIIMS Hospital,Mangalgiri,Vaddeswaram",Dr. Rachagiri Suneel,Pathologist,12+ Years
,"AIIMS Hospital,Mangalgiri,Vaddeswaram",Dr. Ranjitha N,Anaesthesiologist,12+ Years
,"AIIMS Hospital,Mangalgiri,Vaddeswaram",Dr. Vutukuru Lakshmi Sravanthi,Paediatric Surgeon,11+ Years
,"AIIMS Hospital,Mangalgiri,Vaddeswaram",Dr. Bommireddy Pramod Kumar Reddy,Cardiologist,11+ Years
,"AIIMS Hospital,Mangalgiri,Vaddeswaram",Dr. Vikram Damaraju,Pulmonologist,10+ Years
,"AIIMS Hospital,Mangalgiri,Vaddeswaram",Dr. Vishnu Kumar R,Nuclear Medicine Specialist,10+ Years
,"AIIMS Hospital,Mangalgiri,Vaddeswaram",Dr. C Vamsidhar,Anaesthesiologist,10+ Years
,"AIIMS Hospital,Mangalgiri,Vaddeswaram",Dr. Adimulam Ganga Ravindra,Pulmonologist,10+ Years
,"AIIMS Hospital,Mangalgiri,Vaddeswaram",Dr. Ganti Sravya Deepika,Surgical Oncologist,10+ Years
,"AIIMS Hospital,Mangalgiri,Vaddeswaram",Dr. Kutty Sharada Vinod,Internal Medicine Specialist,10+ Years
,"AIIMS Hospital,Mangalgiri,Vaddeswaram",Dr. Amaresh Aruni,General Surgeon,10+ Years
,"AIIMS Hospital,Mangalgiri,Vaddeswaram",Dr. Vasudha CL,Pathologist,10+ Years
,"AIIMS Hospital,Mangalgiri,Vaddeswaram",Dr. Amalakanti Sridhar,Neurologist,10+ Years
,"AIIMS Hospital,Mangalgiri,Vaddeswaram",Dr. Haritha Thiruveedhula,Dermatologist,10+ Years
,"AIIMS Hospital,Mangalgiri,Vaddeswaram",Dr. Mahesh V,Paediatrician,10+ Years
,"AIIMS Hospital,Mangalgiri,Vaddeswaram",Dr. Krishna H M,Anaesthesiologist,10+ Years
,"AIIMS Hospital,Mangalgiri,Vaddeswaram",Dr. Samarjit Dey,Anaesthesiologist,10+ Years
,"AIIMS Hospital,Mangalgiri,Vaddeswaram",Dr. Sravan Kumar G,Cardiologist,10+ Years
,"AIIMS Hospital,Mangalgiri,Vaddeswaram",Dr. Molli Kiran,Anaesthesiologist,10+ Years
,,,,
,"NRI General Hospital, Mangalagiri, Vaddeswaram ",Dr. Kurra Siva Sankara Rao,General Surgeon,44+ Years
,"NRI General Hospital, Mangalagiri, Vaddeswaram",Dr. Gunupalli Subba Rao,General Surgeon,42+ Years
,"NRI General Hospital, Mangalagiri, Vaddeswaram",Dr. Kanneganti Srinivasa Rao,General Surgeon,35+ Years
,"NRI General Hospital, Mangalagiri, Vaddeswaram",Dr. Annapareddy Anil Kumar Reddy,General Surgeon,30+ Years
,"NRI General Hospital, Mangalagiri, Vaddeswaram",Dr. Karanam Satish,General Surgeon,30+ Years
,"NRI Internal Hospital, Mangalagiri, Vaddeswaram",Dr. Bodigiri Srinivasa Naidu,Internal Medicine Specialist,29+ Years
,"NRI General Hospital, Mangalagiri, Vaddeswaram",Dr. Surapaneni Sushama,General Surgeon,27+ Years
,"NRI Internal Hospital, Mangalagiri, Vaddeswaram",Dr. Ramana Kumari K V,Internal Medicine Specialist,25+ Years
,"NRI General Hospital, Mangalagiri, Vaddeswaram",Dr. Avirneni Satyanarayana Prasad,General Surgeon,25+ Years
,"NRI General Hospital, Mangalagiri, Vaddeswaram",Dr. Notu Sudhakar Reddy,General Surgeon,25+ Years
,"NRI Internal Hospital, Mangalagiri, Vaddeswaram",Dr. Ganga Prasad Uppalapati,Internal Medicine Specialist,25+ Years
,"NRI General Hospital, Mangalagiri, Vaddeswaram",Dr. Naveen Katragadda,General Surgeon,25+ Years
,"NRI Internal Hospital, Mangalagiri, Vaddeswaram",Dr. Srikanth Evvru,Internal Medicine Specialist,24+ Years
,"NRI Internal Hospital, Mangalagiri, Vaddeswaram",Dr. Tulluru Venkata Murali Krishna,Internal Medicine Specialist,21+ Years
,"NRI Internal Hospital, Mangalagiri, Vaddeswaram",Dr. Shaik Khaja Rassul,Internal Medicine Specialist,21+ Years
,"NRI Internal Hospital, Mangalagiri, Vaddeswaram",Dr. Vasa Vijay Kumar,Internal Medicine Specialist,19+ Years
,"NRI General Hospital, Mangalagiri, Vaddeswaram ",Dr. Phani Kumar Reddy,Internal Medicine Specialist,17+ Years
,"NRI General Hospital, Mangalagiri, Vaddeswaram",Dr. Kodali Venkata Umakanth,Internal Medicine Specialist,17+ Years
,"NRI General Hospital, Mangalagiri, Vaddeswaram",Dr. Kommi Swetha,Internal Medicine Specialist,17+ Years
,"NRI General Hospital, Mangalagiri, Vaddeswaram",Dr. Anuroop Thota,General Surgeon,16+ Years
,"NRI General Hospital, Mangalagiri, Vaddeswaram",Dr. Mandapati Mallikarjuna Reddy,General Surgeon,16+ Years
,"NRI General Hospital, Mangalagiri, Vaddeswaram",Dr. Rathna Sravanthi Anne,Internal Medicine Specialist,15+ Years
,"NRI General Hospital, Mangalagiri, Vaddeswaram",Dr. Bhogireddy Sriram Satyadev,General Surgeon,15+ Years
,"NRI General Hospital, Mangalagiri, Vaddeswaram",Dr. Srikanth Vattikonda,General Surgeon,15+ Years
,"NRI General Hospital, Mangalagiri, Vaddeswaram",Dr. Purna Chandra Rao Jajala,Internal Medicine Specialist,14+ Years
,"NRI General Hospital, Mangalagiri, Vaddeswaram",Dr. Gayatri Kammila,Internal Medicine Specialist,14+ Years
,"NRI General Hospital, Mangalagiri, Vaddeswaram",Dr. Dhulipalla Harika,Internal Medicine Specialist,14+ Years
,"NRI General Hospital, Mangalagiri, Vaddeswaram",Dr. Palinki Manikya Prasanna Kumar,General Surgeon,14+ Years
,"NRI General Hospital, Mangalagiri, Vaddeswaram",Dr. Sindhu Mandala,Internal Medicine Specialist,13+ Years
,"NRI General Hospital, Mangalagiri, Vaddeswaram",Dr. Khaja Abdul Moin Baig,General Surgeon,13+ Years
,"NRI General Hospital, Mangalagiri, Vaddeswaram",Dr. Aparna Gorijala,Internal Medicine Specialist,13+ Years
,"NRI General Hospital, Mangalagiri, Vaddeswaram",Dr. Chevuri Shyam Prasad,Internal Medicine Specialist,12+ Years
,"NRI General Hospital, Mangalagiri, Vaddeswaram ",Dr. Mulinti Meena Gouthami,General Surgeon,12+ Years
,"NRI Internal Hospital, Mangalagiri, Vaddeswaram",Dr. Arun Surasura,Internal Medicine Specialist,11+ Years
,"NRI Internal Hospital, Mangalagiri, Vaddeswaram",Dr. Dondapati Ramakanth,Internal Medicine Specialist,11+ Years
,"NRI Internal Hospital, Mangalagiri, Vaddeswaram",Dr. Chitithoti Rohita,Internal Medicine Specialist,11+ Years
,"NRI General Hospital, Mangalagiri, Vaddeswaram",Dr. Haleema Neshat,General Surgeon,11+ Years
,"NRI Internal Hospital, Mangalagiri, Vaddeswaram",Dr. Meroz Pillarisetty,Internal Medicine Specialist,10+ Years
,"NRI General Hospital, Mangalagiri, Vaddeswaram",Dr. Palivela T S K Santhosh Rayalu,General Surgeon,10+ Years
,"NRI General Hospital, Mangalagiri, Vaddeswaram",Dr. Hitisha Onteddu,General Surgeon,10+ Years
,"NRI General Hospital, Mangalagiri, Vaddeswaram",Dr. Anjali Baddigam,General Surgeon,10+ Years
,"NRI Internal Hospital, Mangalagiri, Vaddeswaram",Dr. Kalva Eswar Chand Satyendra Sai,Internal Medicine Specialist,10+ Years
,"NRI Internal Hospital, Mangalagiri, Vaddeswaram",Dr. Peram Vinay Kumar,Internal Medicine Specialist,9+ Years
,"NRI General Hospital, Mangalagiri, Vaddeswaram",Dr. Dandamudi Sai Spandana,General Surgeon,9+ Years
,"NRI General Hospital, Mangalagiri, Vaddeswaram",Dr. Mayanam Subhashini,General Surgeon,8+ Years
,"NRI General Hospital, Mangalagiri, Vaddeswaram",Dr. Thota Sahiti Prasad,General Surgeon,8+ Years
,"NRI Internal Hospital, Mangalagiri, Vaddeswaram",Dr. Duggu Aswani,Internal Medicine Specialist,8+ Years
,"NRI Internal Hospital, Mangalagiri, Vaddeswaram",Dr. Perumallapalli Abhishek,Internal Medicine Specialist,8+ Years
,"NRI General Hospital, Mangalagiri, Vaddeswaram ",Dr. Gadipudi Hamika Chowdary,General Surgeon,7+ Years
,"NRI Internal Hospital, Mangalagiri, Vaddeswaram",Dr. Madineni Deepthi,Internal Medicine Specialist,7+ Years
,"NRI General Hospital, Mangalagiri, Vaddeswaram",Dr. Ghanta Sasi Krishna,General Surgeon,6+ Years
,"NRI General Hospital, Mangalagiri, Vaddeswaram",Dr. Yarlagadda Avanija,General Surgeon,6+ Years
,"NRI Internal Hospital, Mangalagiri, Vaddeswaram",Dr. Pillutla Sai Sareen Srivastav,Internal Medicine Specialist,6+ Years
,"NRI General Hospital, Mangalagiri, Vaddeswaram",Dr. Garikapati Soma Sekhar,General Surgeon,6+ Years
,"NRI General Hospital, Mangalagiri, Vaddeswaram",Dr. Chinnapureddy Thirupathi Reddy,General Surgeon,6+ Years
,"NRI General Hospital, Mangalagiri, Vaddeswaram",Dr. Pinnamaneni Shashank,General Surgeon,6+ Years
,"NRI General Hospital, Mangalagiri, Vaddeswaram",Dr. Mylavarapu Varun Kumar,General Surgeon,6+ Years
,"NRI Internal Hospital, Mangalagiri, Vaddeswaram",Dr. Pavan Kumar Bobbadi,Internal Medicine Specialist,5+ Years
,"NRI Internal Hospital, Mangalagiri, Vaddeswaram",Dr. Chaluvadi Manasa,Internal Medicine Specialist,5+ Years
,,,,
,"Manipal Hospitals in Tadepalli,Vijayawada",Dr. G Krishna Reddy,Director Oncology Services – HOD and Chief Consultant,
,"Manipal Hospitals in Tadepalli,Vijayawada",Dr. V Dharmendra Kumar,HOD and Chief Consultant – Surgical Oncologist,
,"Manipal Hospitals in Tadepalli,Vijayawada",Dr. Anil Kumar Karanam,Consultant - Cardiac Anesthetist,
,"Manipal Hospitals in Tadepalli,Vijayawada",Dr. B K Deepak,"Consultant - Anaesthetist, Pain And Palliative Care",
,"Manipal Hospitals in Tadepalli,Vijayawada",Dr. B Uday Kiran,Associate Consultant - Pediatrics,
,"Manipal Hospitals in Tadepalli,Vijayawada",Dr. B. Raj Kumar,Consultant - Radiologist,
,"Manipal Hospitals in Tadepalli,Vijayawada",Dr. Balaji Vara Prasad,Consultant - Anesthesiologist,
,"Manipal Hospitals in Tadepalli,Vijayawada",Dr. Bhavani M,Consultant - Hematology,
,"Manipal Hospitals in Tadepalli,Vijayawada",Dr. Ch. Manoj Kumar,Senior Consultant – General Physician,
,"Manipal Hospitals in Tadepalli,Vijayawada",Dr. Ch. Pooja,Consultant - Pathologist,
,"Manipal Hospitals in Tadepalli,Vijayawada",Dr. Chamundeswari T,Consultant - Ophthalmology,
,"Manipal Hospitals in Tadepalli,Vijayawada",Dr. Chamundeswari T,Consultant - Ophthalmology,
,"Manipal Hospitals in Tadepalli,Vijayawada",Dr. Chandra Mouli R. V,Consultant - Radiologist,
,"Manipal Hospitals in Tadepalli,Vijayawada",Dr. Deepika Ponnuru V A,Consultant - Rheumatologist,
,"Manipal Hospitals in Tadepalli,Vijayawada",Dr. G V Reddy,Consultant- Orthopaedics,
,"Manipal Hospitals in Tadepalli,Vijayawada",Dr. Girish Bathina,Consultant - General Medicine,
,"Manipal Hospitals in Tadepalli,Vijayawada",Dr. Gutta Lokesh,Consultant - Interventional Pulmonologist,
,"Manipal Hospitals in Tadepalli,Vijayawada",Dr. Hari Prasad N,Consultant - Urology & Renal Transplant Surgeon,
,"Manipal Hospitals in Tadepalli,Vijayawada",Dr. Harika Uppalapati,Consultant - General Physician,
,"Manipal Hospitals in Tadepalli,Vijayawada",Dr. K. Noah,Consultant - Emergency Physician,
,"Manipal Hospitals in Tadepalli,Vijayawada",Dr. K. Sasikanth Reddy,Associate Consultant - Radiology,
,"Manipal Hospitals in Tadepalli,Vijayawada",Dr. Kiran Kumar Mannava,Consultant - Orthopaedics,
,"Manipal Hospitals in Tadepalli,Vijayawada",Dr. Lakshmi Navya Cheekatla,Associate consultant - Cardiology,
,"Manipal Hospitals in Tadepalli,Vijayawada",Dr. Lakshmi Prasuna,Consultant - Obstetrics and Gynecology,
,"Manipal Hospitals in Tadepalli,Vijayawada",Dr. M. Prashanth,Consultant - Plastic and Cosmetic surgery,
,"Manipal Hospitals in Tadepalli,Vijayawada",Dr. Madhu Bindu Pidikiti,Consultant - Gynaecology & Obstetrics,
,"Manipal Hospitals in Tadepalli,Vijayawada",Dr. Mikkilineni Anupama,"Consultant - Pathologist, Laboratory Medicine",
,"Manipal Hospitals in Tadepalli,Vijayawada",Dr. Misbah Lateefa,Associate Consultant - Pathologist,
,"Manipal Hospitals in Tadepalli,Vijayawada",Dr. Murali Chekuri,Senior Consultant - Department of Neuro-Sciences,
,"Manipal Hospitals in Tadepalli,Vijayawada",Dr. Murali Krishna N,Chief Cardiologist,
,"Manipal Hospitals in Tadepalli,Vijayawada",Dr. N. Sandeep,Consultant - Cardiology,
,"Manipal Hospitals in Tadepalli,Vijayawada",Dr. Nallamothu Jagadeesh,"Senior Consultant - Orthopedician, Joint replacement and Trauma Surgeon",
,"Manipal Hospitals in Tadepalli,Vijayawada",Dr. P Ravi Kumar,"Senior Consultant - Pediatrician, Neonatologist",
,"Manipal Hospitals in Tadepalli,Vijayawada",Dr. P Sireesha,Consultant - Laboratory Medicine,
,"Manipal Hospitals in Tadepalli,Vijayawada",Dr. Pavan N,Associate Consultant - Cardiologist,
,"Manipal Hospitals in Tadepalli,Vijayawada",Dr. R Dinesh Reddy,Associate Consultant - Surgical Oncology and Robotic Surgery,
,"Manipal Hospitals in Tadepalli,Vijayawada",Dr. Raja Aravinda Sai Gogineni,Associate Consultant - Anasthesia,
,"Manipal Hospitals in Tadepalli,Vijayawada",Dr. Rajesh Bathini,Consultant - Medical Gastroenterology,
,"Manipal Hospitals in Tadepalli,Vijayawada",Dr. Rajesh Chandra,Consultant -  Medical Gastroenterologist,
,"Manipal Hospitals in Tadepalli,Vijayawada",Dr. RamaKrishna Vangara,Senior Consultant - Radiation Oncology,
,"Manipal Hospitals in Tadepalli,Vijayawada",Dr. Ratti Dilip Kumar,"Senior Consultant - Cardiothoracic, Minimal Invasive, Robotic and Heart transplant Surgeon",
,"Manipal Hospitals in Tadepalli,Vijayawada",Dr. Ravi D,Consultant - Laparoscopic and Minimal Access Surgeon,
,"Manipal Hospitals in Tadepalli,Vijayawada",Dr. Ravi Sankar Ganji,Consultant -  Urology Renal Transplant Surgery & Robotic Surgery,
,"Manipal Hospitals in Tadepalli,Vijayawada",Dr. S Hema Sowjanya,Consultant - Dermatologist,
,"Manipal Hospitals in Tadepalli,Vijayawada",Dr. S K Moinuddin Chisty,Associate Consultant - Interventional Paediatric Cardiology,
,"Manipal Hospitals in Tadepalli,Vijayawada",Dr. S Krishna Raja,Associate consultant - Radiology,
,"Manipal Hospitals in Tadepalli,Vijayawada",Dr. Sagar Vemuri,Consultant - Anesthesiologist,
,"Manipal Hospitals in Tadepalli,Vijayawada",Dr. Samarasimha Reddy D,Associate Consultant - Cardiology,
,"Manipal Hospitals in Tadepalli,Vijayawada",Dr. Sarada M,Consultant - Oral Medicine and Radiology,
,"Manipal Hospitals in Tadepalli,Vijayawada",Dr. Satish Babu M,Consultant - Radiologist,
,"Manipal Hospitals in Tadepalli,Vijayawada",Dr. Shankar Rao U,Consultant - Cardiac Anesthesia,
,"Manipal Hospitals in Tadepalli,Vijayawada",Dr. Sravan Kumar Bodepudi,Consultant - Medical Oncology and Bone Marrow Transplant Physician,
,"Manipal Hospitals in Tadepalli,Vijayawada",Dr. Sridhar A.V.S.S.N,Consultant - Nephrology and Renal Transplant Physician,
,"Manipal Hospitals in Tadepalli,Vijayawada",Dr. Srinivasa Rao .T,Consultant - ICU and Critical Care,
,"Manipal Hospitals in Tadepalli,Vijayawada",Dr. Srinivasan B,"Consultant - Emergency Medicine, Accident and Emergency Care",
,"Manipal Hospitals in Tadepalli,Vijayawada",Dr. Sudheer Kumar .G,Consultant - Neurosurgery,
,"Manipal Hospitals in Tadepalli,Vijayawada",Dr. Swarna K,Consultant - Radiology,
,"Manipal Hospitals in Tadepalli,Vijayawada",Dr. Uday Kiran G,Consultant - Interventional Pulmonology,
,"Manipal Hospitals in Tadepalli,Vijayawada",Dr. V B Praveen Naidu,Consultant - Diabetes and Endocrinology,
,"Manipal Hospitals in Tadepalli,Vijayawada",Dr. V Dinesh Kumar Gontla,Consultant - Critical Care,
,"Manipal Hospitals in Tadepalli,Vijayawada",Dr. V Srikanth Reddy,Consultant - Radiology,
,"Manipal Hospitals in Tadepalli,Vijayawada",Dr. Vamsi Chalasani,Consultant - Neurologist,
,"Manipal Hospitals in Tadepalli,Vijayawada",Dr. Varun Dasari,Consultant:- Surgical Gastroenterology & Robotic Surgery,
,"Manipal Hospitals in Tadepalli,Vijayawada",Dr. Varun Pamidi,"Associate Consultant - Cardiothoracic, Vascular and Minimal Invasive Surgeon",
,"Manipal Hospitals in Tadepalli,Vijayawada",Dr. Vemuri Nandan,Consultant - Vascular Surgery,
,"Manipal Hospitals in Tadepalli,Vijayawada",Dr. Venkata Krishna Sandeep,Consultant - ENT Head & Neck Surgery and Cochlear Implant Surgeon,
,"Manipal Hospitals in Tadepalli,Vijayawada",Dr. Vikram Kudumula,Senior Consultant - Interventional Paediatric Cardiology,
,"Manipal Hospitals in Tadepalli,Vijayawada",Dr. Vuppu Ravikanth,Consultant - Neuro and Spine Surgeon,
,,,,
,"Aster Ramesh Guntur, Aster Ramesh Vijayawada Main, Aster Ramesh Vijayawada MG Rd",Maj. Gen. Dr.Somasundaram Kumaravelu Retd.,Chief Consultant - Neurology,
,"Aster Ramesh Guntur, Aster Ramesh Vijayawada Drin, Aster Ramesh Vijayawada  Nsilpa c",Dr. Silpa Chowdari Nallapaneni,HOD - Critical Care Department,
,"Aster Ramesh Guntur, Aster Ramesh Vijayawada Drin, Aster Ramesh Vijayawada DC Km",Dr. (Col) Mrithyunjaya V. Kalmath,"Sr. Consultant - Cardiothoracic and vascular surgery Minimal Invasive, Advanced Aortic & Heart Transplant Surgeon",
,"Aster Ramesh Guntur, Aster Ramesh Vijayawada Drin, Aster Ramesh Vijayawada  Kkamala k",Dr. Kamala Kancheti,Consultant - Anaesthesiology,
,"Aster Ramesh Guntur, Aster Ramesh Vijayawada Drin, Aster Ramesh Vijayawada  Gmohan r",Dr. Mohan Raghav Guthikonda,Sr. Consultant - ENT Surgeon,
,"Aster Ramesh Guntur, Aster Ramesh Vijayawada Drin, Aster Ramesh Vijayawada  Mteja s",Dr. Teja Sai Manchala,Consultant - Emergency medicine,
,"Aster Ramesh Guntur, Aster Ramesh Vijayawada Drin, Aster Ramesh Vijayawada  Btanveer b",Dr. Tanveer Begam,Consultant - Paediatrics,
,"Aster Ramesh Guntur, Aster Ramesh Vijayawada Drin, Aster Ramesh Vijayawada  Canitha c",Dr. Anitha Chaganti,Consultant - Paediatrics & Neonatology,
,"Aster Ramesh Guntur, Aster Ramesh Vijayawada Drin, Aster Ramesh Vijayawada  Rjyothi p",Dr. Jyothi Prakash Reddy R,Consultant - Pediatric Cardiology,
,"Aster Ramesh Guntur, Aster Ramesh Vijayawada Drin, Aster Ramesh Vijayawada  Ksindhu k",Dr. Sindhu Kilaru,Consultant - Medical Oncologist,
,"Aster Ramesh Guntur, Aster Ramesh Vijayawada Drin, Aster Ramesh Vijayawada  Lu v",Dr. U V Naga Lakshmi,Consultant - Radiology,
,"Aster Ramesh Guntur, Aster Ramesh Vijayawada Drin, Aster Ramesh Vijayawada  Bbala b",Dr. Bala Bhaskara Rao Battula,Consultant - Pulmonology,
,"Aster Ramesh Guntur, Aster Ramesh Vijayawada Drin, Aster Ramesh Vijayawada  Pchanukya p",Dr. Chanukya Popuri,Consultant - Critical Care,
,"Aster Ramesh Guntur, Aster Ramesh Vijayawada Drin, Aster Ramesh Vijayawada  Kl",Dr.Doradla Lakshmi Prasanna Sai Kumar,Consultant,
,"Aster Ramesh Guntur, Aster Ramesh Vijayawada Drin, Aster Ramesh Vijayawada  Mphani r",Dr. Phani Raja Kumar M,Consultant - Surgical Oncologist,
,,,,
,"Vedanta Hospital, Mangalagiri, Vaddeswaram ",Dr. Chinta Rama Krishna,Nephrologist,25+ Years
,"Vedanta Hospital, Mangalagiri, Vaddeswaram",Dr. Tirumala Naresh Arava,Cardiologist,18+ Years
,"Vedanta Hospital, Mangalagiri, Vaddeswaram",Dr. Srinivas Polisetty,Orthopedic Surgeon,10+ Years
,"Vedanta Hospital, Mangalagiri, Vaddeswaram",Dr. M Anuradha,Obstetrician / Gynaecologist,10+ Years
,"Vedanta Hospital, Mangalagiri, Vaddeswaram",Dr. M S R Deepika,Internal Medicine Specialist,10+ Years
,"Vedanta Hospital, Mangalagiri, Vaddeswaram",Dr. Vijay Bhaskar Thatty,Paediatrician,9+ Years
,"
Kamineni Hospital, Poranki",Dr. Lakshman Prasad Gubbala,ENT/ Otorhinolaryngologist,21
,"Kaminnei Hospital, Poranki",Dr. Naveen Kumar Venigalla,Neurologist,24
,"Kaminnei Hospital, Poranki",Dr. Ramesh,Nephrologist/Renal Specialist,16
,"Kamingei Hospital, Poranki",Dr. Swapna Sri Boppana,General Physician,21
,"Kaminpui Hospital, Poranki",Dr. Srinivasa Kumar Ravipati,Pulmonologist,16
,"Kaminnei Hospital, Poranki",Dr. Vinathi Paritala,Critical Care Medicine,16
,"Kaminuri Hospital, Poranki",Dr. Sampath Kumar Pothuganti,Urologist,21
,"Kaminnei Hospital, Poranki",Dr. Tripura V,Ophthalmologist/ Eye Surgeon,16
,"Kaminnei Hospital, Poranki",Dr. Truman Srinivas Marri,Neurosurgeon,16
,"Kaminnei Hospital, Poranki",Dr. SALUMURI PREMCHAND,General Physician,9
,,,,
,"L V Prasad Eye Institute, Poranki, Vijayawada",Dr. Aravind Roy,Ophthalmologist,22+ Years
,"L V Prasad Eye Institute, Poranki, Vijayawada",Dr. Krishna Priya,Ophthalmologist,18+ Years
,"L V Prasad Eye Institute, Poranki, Vijayawada",Dr. Sameera Nayak,Ophthalmologist,16+ Years
,"L V Prasad Eye Institute, Poranki, Vijayawada",Dr. Anasua Ganguly Kapoor,Ophthalmologist,15+ Years
,"L V Prasad Eye Institute, Poranki, Vijayawada",Dr. David Aggarwal,Ophthalmologist,11+ Years
,"L V Prasad Eye Institute, Poranki, Vijayawada",Dr. Amanjot Kaur,Ophthalmologist,10+ Years
,"L V Prasad Eye Institute, Poranki, Vijayawada",Dr. Niroj Kumar Sahoo,Ophthalmologist,10+ Years
,"L V Prasad Eye Institute, Poranki, Vijayawada",Dr. Sushank Ashok B,Ophthalmologist,10+ Years
,"L V Prasad Eye Institute, Poranki, Vijayawada",Dr. Aditya Kapoor,Ophthalmologist,10+ Years
,"L V Prasad Eye Institute, Poranki, Vijayawada",Dr. Anahita Kate,Ophthalmologist,10+ Years
,"L V Prasad Eye Institute, Poranki, Vijayawada",Dr. Deepthi Molleti,Ophthalmologist,10+ Years
,"L V Prasad Eye Institute, Poranki, Vijayawada",Dr. Kavya Madhuri Bejjanki,Ophthalmologist,10+ Years
,"L V Prasad Eye Institute, Poranki, Vijayawada",Dr. Mayank Rai,Ophthalmologist,10+ Years
,"L V Prasad Eye Institute, Poranki, Vijayawada",Dr. Sowjanya Vuyyuru,Ophthalmologist,10+ Years
